cod_mun,municipio,cod_dep,departamento,lat,lon
18001,FLORENCIA,18,CAQUETÁ,1.74825,-75.55666
18029,ALBANIA,18,CAQUETÁ,1.22388,-75.88432
18094,BELÉN DE LOS ANDAQUÍES,18,CAQUETÁ,1.50603,-75.87154
18247,EL DONCELLO,18,CAQUETÁ,1.78694,-75.19421
18256,EL PAUJÍL,18,CAQUETÁ,1.62093,-75.23303
18410,LA MONTAÑITA,18,CAQUETÁ,1.30338,-75.23497
18460,MILÁN,18,CAQUETÁ,1.14883,-75.38977
18479,MORELIA,18,CAQUETÁ,1.37779,-75.6684
18610,SAN JOSÉ DEL FRAGUA,18,CAQUETÁ,1.31657,-76.11101
18860,VALPARAÍSO,18,CAQUETÁ,1.06794,-75.62989
18150,CARTAGENA DEL CHAIRÁ,18,CAQUETÁ,0.65109,-74.27525
18753,SAN VICENTE DEL CAGUÁN,18,CAQUETÁ,1.5666,-74.25988
18756,SOLANO,18,CAQUETÁ,0.21196,-73.12471
18785,SOLITA,18,CAQUETÁ,0.9092,-75.63348
18205,CURILLO,18,CAQUETÁ,1.06295,-75.95778
18592,PUERTO RICO,18,CAQUETÁ,2.01721,-75.07234
19001,POPAYÁN,19,CAUCA,2.4751,-76.59254
19022,ALMAGUER,19,CAUCA,1.91428,-76.82904
19050,ARGELIA,19,CAUCA,2.32829,-77.26128
19075,BALBOA,19,CAUCA,2.08086,-77.20981
19100,BOLÍVAR,19,CAUCA,1.84974,-76.96127
19110,BUENOS AIRES,19,CAUCA,3.04592,-76.68442
19130,CAJIBÍO,19,CAUCA,2.64616,-76.70859
19137,CALDONO,19,CAUCA,2.80795,-76.46625
19142,CALOTO,19,CAUCA,3.04701,-76.36723
19212,CORINTO,19,CAUCA,3.13457,-76.21876
19290,FLORENCIA,19,CAUCA,1.70089,-77.07672
19300,GUACHENÉ,19,CAUCA,3.14166,-76.39075
19355,INZÁ,19,CAUCA,2.49773,-76.13893
19364,JAMBALÓ,19,CAUCA,2.84904,-76.31126
19392,LA SIERRA,19,CAUCA,2.19301,-76.79429
19397,LA VEGA,19,CAUCA,2.05625,-76.76303
19450,MERCADERES,19,CAUCA,1.79349,-77.18132
19455,MIRANDA,19,CAUCA,3.22487,-76.21386
19473,MORALES,19,CAUCA,2.81582,-76.75308
19513,PADILLA,19,CAUCA,3.19865,-76.33532
19517,PÁEZ,19,CAUCA,2.73343,-75.99599
19532,PATÍA,19,CAUCA,2.14736,-77.05712
19533,PIAMONTE,19,CAUCA,1.15609,-76.3102
19548,PIENDAMÓ - TUNÍA,19,CAUCA,2.7124,-76.56696
19573,PUERTO TEJADA,19,CAUCA,3.26733,-76.41848
19585,PURACÉ,19,CAUCA,2.28844,-76.37436
19622,ROSAS,19,CAUCA,2.25483,-76.74953
19693,SAN SEBASTIÁN,19,CAUCA,1.85758,-76.71803
19698,SANTANDER DE QUILICHAO,19,CAUCA,2.98167,-76.49619
19701,SANTA ROSA,19,CAUCA,1.52253,-76.53734
19743,SILVIA,19,CAUCA,2.64713,-76.34824
19760,SOTARÁ - PAISPAMBA,19,CAUCA,2.22445,-76.61291
19780,SUÁREZ,19,CAUCA,2.92397,-76.74957
19785,SUCRE,19,CAUCA,2.06225,-76.91121
19807,TIMBÍO,19,CAUCA,2.37491,-76.69733
19821,TORIBÍO,19,CAUCA,2.97783,-76.20096
19824,TOTORÓ,19,CAUCA,2.50263,-76.3962
19256,EL TAMBO,19,CAUCA,2.53102,-76.99796
19318,GUAPI,19,CAUCA,2.41136,-77.68932
19418,LÓPEZ DE MICAY,19,CAUCA,3.0013,-77.21922
19809,TIMBIQUÍ,19,CAUCA,2.69823,-77.48915
19845,VILLA RICA,19,CAUCA,3.17998,-76.46434
76001,CALI,76,VALLE DEL CAUCA,3.39927,-76.57784
76036,ANDALUCÍA,76,VALLE DEL CAUCA,4.1542,-76.17197
76041,ANSERMANUEVO,76,VALLE DEL CAUCA,4.7991,-76.0333
76054,ARGELIA,76,VALLE DEL CAUCA,4.7139,-76.13955
76111,GUADALAJARA DE BUGA,76,VALLE DEL CAUCA,3.85573,-76.09867
76113,BUGALAGRANDE,76,VALLE DEL CAUCA,4.19678,-76.08986
76122,CAICEDONIA,76,VALLE DEL CAUCA,4.32007,-75.8358
76126,CALIMA,76,VALLE DEL CAUCA,3.94026,-76.63368
76130,CANDELARIA,76,VALLE DEL CAUCA,3.38222,-76.38598
76147,CARTAGO,76,VALLE DEL CAUCA,4.70666,-75.92285
76243,EL ÁGUILA,76,VALLE DEL CAUCA,4.91006,-76.06221
76246,EL CAIRO,76,VALLE DEL CAUCA,4.75786,-76.22117
76248,EL CERRITO,76,VALLE DEL CAUCA,3.679,-76.20582
76250,EL DOVIO,76,VALLE DEL CAUCA,4.5438,-76.27086
76275,FLORIDA,76,VALLE DEL CAUCA,3.3035,-76.16814
76306,GINEBRA,76,VALLE DEL CAUCA,3.73692,-76.19117
76318,GUACARÍ,76,VALLE DEL CAUCA,3.78503,-76.30065
76020,ALCALÁ,76,VALLE DEL CAUCA,4.67945,-75.78803
76497,OBANDO,76,VALLE DEL CAUCA,4.59473,-75.95224
76520,PALMIRA,76,VALLE DEL CAUCA,3.55523,-76.22859
76563,PRADERA,76,VALLE DEL CAUCA,3.41843,-76.18431
76606,RESTREPO,76,VALLE DEL CAUCA,3.80638,-76.53458
76616,RIOFRÍO,76,VALLE DEL CAUCA,4.10573,-76.37388
76622,ROLDANILLO,76,VALLE DEL CAUCA,4.44809,-76.1703
76670,SAN PEDRO,76,VALLE DEL CAUCA,3.97993,-76.20725
76736,SEVILLA,76,VALLE DEL CAUCA,4.1866,-75.88627
76823,TORO,76,VALLE DEL CAUCA,4.64459,-76.07687
76828,TRUJILLO,76,VALLE DEL CAUCA,4.23117,-76.34594
76834,TULUÁ,76,VALLE DEL CAUCA,4.02814,-76.03263
76845,ULLOA,76,VALLE DEL CAUCA,4.70705,-75.77479
76863,VERSALLES,76,VALLE DEL CAUCA,4.63348,-76.21473
76869,VIJES,76,VALLE DEL CAUCA,3.74234,-76.47279
76890,YOTOCO,76,VALLE DEL CAUCA,3.90306,-76.39181
76892,YUMBO,76,VALLE DEL CAUCA,3.59712,-76.50822
76895,ZARZAL,76,VALLE DEL CAUCA,4.35695,-76.04936
76403,LA VICTORIA,76,VALLE DEL CAUCA,4.48347,-75.96587
76400,LA UNIÓN,76,VALLE DEL CAUCA,4.54178,-76.10469
76377,LA CUMBRE,76,VALLE DEL CAUCA,3.698,-76.5914
76364,JAMUNDÍ,76,VALLE DEL CAUCA,3.21094,-76.62703
76100,BOLÍVAR,76,VALLE DEL CAUCA,4.36259,-76.36103
76233,DAGUA,76,VALLE DEL CAUCA,3.64436,-76.721
76109,BUENAVENTURA,76,VALLE DEL CAUCA,3.61175,-77.08483
86001,MOCOA,86,PUTUMAYO,1.22272,-76.68526
86219,COLÓN,86,PUTUMAYO,1.21258,-76.97326
86320,ORITO,86,PUTUMAYO,0.67519,-76.94682
86749,SIBUNDOY,86,PUTUMAYO,1.23127,-76.91544
86755,SAN FRANCISCO,86,PUTUMAYO,1.13452,-76.84477
86757,SAN MIGUEL,86,PUTUMAYO,0.30487,-76.8515
86760,SANTIAGO,86,PUTUMAYO,1.08122,-76.99854
86865,VALLE DEL GUAMUEZ,86,PUTUMAYO,0.41422,-76.88119
86885,VILLAGARZÓN,86,PUTUMAYO,0.91058,-76.73736
86569,PUERTO CAICEDO,86,PUTUMAYO,0.7215,-76.48185
86568,PUERTO ASÍS,86,PUTUMAYO,0.47659,-76.32856
86571,PUERTO GUZMÁN,86,PUTUMAYO,0.74917,-75.87876
86573,PUERTO LEGUÍZAMO,86,PUTUMAYO,0.05666,-75.06248
52683,SANDONÁ,52,NARIÑO,1.29016,-77.4614
52685,SAN BERNARDO,52,NARIÑO,1.528,-77.01174
52687,SAN LORENZO,52,NARIÑO,1.5461,-77.21877
52560,POTOSÍ,52,NARIÑO,0.72192,-77.42234
52693,SAN PABLO,52,NARIÑO,1.68747,-76.98131
52565,PROVIDENCIA,52,NARIÑO,1.22745,-77.60088
52694,SAN PEDRO DE CARTAGO,52,NARIÑO,1.52347,-77.09699
52573,PUERRES,52,NARIÑO,0.82626,-77.31973
52699,SANTACRUZ,52,NARIÑO,1.2796,-77.74257
52585,PUPIALES,52,NARIÑO,0.92296,-77.62656
52678,SAMANIEGO,52,NARIÑO,1.42651,-77.69037
52207,CONSACÁ,52,NARIÑO,1.2115,-77.44223
52210,CONTADERO,52,NARIÑO,0.93148,-77.52634
52215,CÓRDOBA,52,NARIÑO,0.76748,-77.3562
52001,PASTO,52,NARIÑO,1.08699,-77.20543
52019,ALBÁN,52,NARIÑO,1.47994,-77.06759
52022,ALDANA,52,NARIÑO,0.90085,-77.69226
52224,CUASPUD CARLOSAMA,52,NARIÑO,0.87049,-77.73357
52036,ANCUYA,52,NARIÑO,1.25647,-77.52929
52051,ARBOLEDA,52,NARIÑO,1.47836,-77.13308
52083,BELÉN,52,NARIÑO,1.58503,-77.04209
52110,BUESACO,52,NARIÑO,1.31303,-77.11433
52203,COLÓN,52,NARIÑO,1.63477,-77.03997
52480,NARIÑO,52,NARIÑO,1.2762,-77.35438
52506,OSPINA,52,NARIÑO,1.03107,-77.5544
52720,SAPUYES,52,NARIÑO,1.03278,-77.67827
52786,TAMINANGO,52,NARIÑO,1.59125,-77.32568
52788,TANGUA,52,NARIÑO,1.07343,-77.34872
52240,CHACHAGÜÍ,52,NARIÑO,1.40352,-77.26956
52254,EL PEÑOL,52,NARIÑO,1.52156,-77.43187
52258,EL TABLÓN DE GÓMEZ,52,NARIÑO,1.40292,-76.98678
52838,TÚQUERRES,52,NARIÑO,1.13315,-77.62656
52411,LINARES,52,NARIÑO,1.39265,-77.51904
52885,YACUANQUER,52,NARIÑO,1.12672,-77.42387
52435,MALLAMA,52,NARIÑO,1.15511,-77.84885
52378,LA CRUZ,52,NARIÑO,1.58777,-76.92809
52381,LA FLORIDA,52,NARIÑO,1.32257,-77.38225
52260,EL TAMBO,52,NARIÑO,1.42533,-77.39117
52287,FUNES,52,NARIÑO,0.91889,-77.33263
52317,GUACHUCAL,52,NARIÑO,0.96969,-77.73632
52399,LA UNIÓN,52,NARIÑO,1.61508,-77.13181
52320,GUAITARILLA,52,NARIÑO,1.15676,-77.53028
52405,LEIVA,52,NARIÑO,1.93641,-77.31364
52323,GUALMATÁN,52,NARIÑO,0.92746,-77.57053
52352,ILES,52,NARIÑO,0.98364,-77.52377
52354,IMUÉS,52,NARIÑO,1.0712,-77.50195
52356,IPIALES,52,NARIÑO,0.5627,-77.37299
52227,CUMBAL,52,NARIÑO,0.94331,-77.95604
52233,CUMBITARA,52,NARIÑO,1.73351,-77.59826
52256,EL ROSARIO,52,NARIÑO,1.84567,-77.4384
52385,LA LLANADA,52,NARIÑO,1.55101,-77.70706
52418,LOS ANDES,52,NARIÑO,1.67216,-77.70683
52540,POLICARPA,52,NARIÑO,1.72971,-77.47783
52612,RICAURTE,52,NARIÑO,1.20214,-78.04697
52079,BARBACOAS,52,NARIÑO,1.44612,-78.15626
52250,EL CHARCO,52,NARIÑO,2.185,-77.79984
52390,LA TOLA,52,NARIÑO,2.42938,-78.20961
52427,MAGÜÍ,52,NARIÑO,1.90597,-78.04744
52473,MOSQUERA,52,NARIÑO,2.4385,-78.43925
52490,OLAYA HERRERA,52,NARIÑO,2.29059,-78.29453
52520,FRANCISCO PIZARRO,52,NARIÑO,2.1029,-78.59339
52621,ROBERTO PAYÁN,52,NARIÑO,1.91933,-78.38343
52696,SANTA BÁRBARA,52,NARIÑO,2.29912,-77.87426
94001,INÍRIDA,94,GUAINÍA,3.32037,-68.45661
94343,BARRANCOMINAS,94,GUAINÍA,3.31154,-69.39733
94663,MAPIRIPANA,94,GUAINÍA,2.80588,-70.26701
94883,SAN FELIPE,94,GUAINÍA,2.15275,-67.34077
94884,PUERTO COLOMBIA,94,GUAINÍA,2.50903,-68.20742
94885,LA GUADALUPE,94,GUAINÍA,1.40071,-67.00224
94886,CACAHUAL,94,GUAINÍA,3.38905,-67.58475
94887,PANA PANA,94,GUAINÍA,1.97884,-69.11307
94888,MORICHAL,94,GUAINÍA,2.41776,-69.83761
99624,SANTA ROSALÍA,99,VICHADA,4.97728,-70.65253
99001,PUERTO CARREÑO,99,VICHADA,5.83697,-68.14087
99524,LA PRIMAVERA,99,VICHADA,5.51971,-69.60993
99773,CUMARIBO,99,VICHADA,4.26051,-69.52332
85001,YOPAL,85,CASANARE,5.24486,-72.25929
85010,AGUAZUL,85,CASANARE,5.13099,-72.54872
85015,CHÁMEZA,85,CASANARE,5.22919,-72.86413
85136,LA SALINA,85,CASANARE,6.17647,-72.34925
85139,MANÍ,85,CASANARE,4.67445,-72.21095
85162,MONTERREY,85,CASANARE,4.84401,-72.84904
85225,NUNCHÍA,85,CASANARE,5.53438,-72.09789
85230,OROCUÉ,85,CASANARE,4.91464,-71.59868
85263,PORE,85,CASANARE,5.65911,-71.91727
85279,RECETOR,85,CASANARE,5.25951,-72.77018
85300,SABANALARGA,85,CASANARE,4.80217,-72.9946
85315,SÁCAMA,85,CASANARE,6.05273,-72.18899
85325,SAN LUIS DE PALENQUE,85,CASANARE,5.23139,-71.5908
85400,TÁMARA,85,CASANARE,5.87733,-72.20518
85410,TAURAMENA,85,CASANARE,4.70133,-72.63124
85430,TRINIDAD,85,CASANARE,5.36504,-71.18385
85440,VILLANUEVA,85,CASANARE,4.53034,-72.82131
85125,HATO COROZAL,85,CASANARE,6.10847,-71.12707
85250,PAZ DE ARIPORO,85,CASANARE,5.77918,-70.86849
91001,LETICIA,91,AMAZONAS,-3.52844,-70.04584
91263,EL ENCANTO,91,AMAZONAS,-1.99358,-72.726
91405,LA CHORRERA,91,AMAZONAS,-1.24151,-72.7609
91407,LA PEDRERA,91,AMAZONAS,-1.42811,-70.03964
91430,LA VICTORIA,91,AMAZONAS,-0.12633,-71.09875
91460,MIRITÍ - PARANÁ,91,AMAZONAS,-0.68547,-71.18587
91530,PUERTO ALEGRÍA,91,AMAZONAS,-0.95307,-73.7538
91536,PUERTO ARICA,91,AMAZONAS,-1.90691,-71.14842
91540,PUERTO NARIÑO,91,AMAZONAS,-3.62849,-70.47263
91669,PUERTO SANTANDER,91,AMAZONAS,-1.10004,-71.94315
91798,TARAPACÁ,91,AMAZONAS,-2.4487,-70.00543
97001,MITÚ,97,VAUPÉS,1.01512,-70.41759
97161,CARURÚ,97,VAUPÉS,1.05043,-71.33472
97511,PACOA,97,VAUPÉS,0.19634,-70.93742
97666,TARAIRA,97,VAUPÉS,-0.72046,-69.90741
97777,PAPUNAHUA,97,VAUPÉS,1.6828,-70.70612
97889,YAVARATÉ,97,VAUPÉS,0.83263,-69.61868
95001,SAN JOSÉ DEL GUAVIARE,95,GUAVIARE,2.48488,-71.92216
95015,CALAMAR,95,GUAVIARE,1.61479,-73.03365
95025,EL RETORNO,95,GUAVIARE,2.08541,-71.54033
95200,MIRAFLORES,95,GUAVIARE,1.36602,-72.0195
17001,MANIZALES,17,CALDAS,5.08284,-75.52147
17013,AGUADAS,17,CALDAS,5.59657,-75.45642
17486,NEIRA,17,CALDAS,5.18467,-75.49872
17446,MARULANDA,17,CALDAS,5.22709,-75.28586
17444,MARQUETALIA,17,CALDAS,5.31155,-75.03297
17442,MARMATO,17,CALDAS,5.49659,-75.60032
17433,MANZANARES,17,CALDAS,5.23662,-75.15208
17388,LA MERCED,17,CALDAS,5.39108,-75.55724
17380,LA DORADA,17,CALDAS,5.53996,-74.71259
17272,FILADELFIA,17,CALDAS,5.28552,-75.59161
17174,CHINCHINÁ,17,CALDAS,4.99129,-75.66451
17088,BELALCÁZAR,17,CALDAS,4.99111,-75.81134
17050,ARANZAZU,17,CALDAS,5.26759,-75.46877
17042,ANSERMA,17,CALDAS,5.2023,-75.74702
17495,NORCASIA,17,CALDAS,5.64646,-74.84549
17877,VITERBO,17,CALDAS,5.05428,-75.87507
17873,VILLAMARÍA,17,CALDAS,4.93888,-75.43095
17867,VICTORIA,17,CALDAS,5.44777,-74.83556
17777,SUPÍA,17,CALDAS,5.45883,-75.64067
17665,SAN JOSÉ,17,CALDAS,5.0508,-75.82542
17662,SAMANÁ,17,CALDAS,5.54377,-74.99253
17653,SALAMINA,17,CALDAS,5.37143,-75.40607
17616,RISARALDA,17,CALDAS,5.10556,-75.76411
17541,PENSILVANIA,17,CALDAS,5.41303,-75.17131
17524,PALESTINA,17,CALDAS,5.05763,-75.67141
17513,PÁCORA,17,CALDAS,5.49902,-75.4791
17614,RIOSUCIO,17,CALDAS,5.44355,-75.74942
63001,ARMENIA,63,QUINDIO,4.49744,-75.72494
63111,BUENAVISTA,63,QUINDIO,4.37653,-75.74258
63130,CALARCÁ,63,QUINDIO,4.45832,-75.66065
63190,CIRCASIA,63,QUINDIO,4.60074,-75.6746
63212,CÓRDOBA,63,QUINDIO,4.39291,-75.64656
63272,FILANDIA,63,QUINDIO,4.67029,-75.66719
63302,GÉNOVA,63,QUINDIO,4.1781,-75.76268
63401,LA TEBAIDA,63,QUINDIO,4.43247,-75.82826
63470,MONTENEGRO,63,QUINDIO,4.52817,-75.81634
63548,PIJAO,63,QUINDIO,4.30524,-75.68839
63594,QUIMBAYA,63,QUINDIO,4.61517,-75.78904
63690,SALENTO,63,QUINDIO,4.61062,-75.52948
66001,PEREIRA,66,RISARALDA,4.78146,-75.72075
66045,APÍA,66,RISARALDA,5.12983,-75.94804
66075,BALBOA,66,RISARALDA,4.91856,-75.93891
66088,BELÉN DE UMBRÍA,66,RISARALDA,5.19865,-75.86572
66170,DOSQUEBRADAS,66,RISARALDA,4.84503,-75.67654
66318,GUÁTICA,66,RISARALDA,5.32114,-75.80217
66383,LA CELIA,66,RISARALDA,4.98872,-76.00827
66400,LA VIRGINIA,66,RISARALDA,4.91295,-75.85282
66440,MARSELLA,66,RISARALDA,4.93532,-75.75193
66456,MISTRATÓ,66,RISARALDA,5.41292,-75.95863
66572,PUEBLO RICO,66,RISARALDA,5.28414,-76.07004
66594,QUINCHÍA,66,RISARALDA,5.32189,-75.71447
66682,SANTA ROSA DE CABAL,66,RISARALDA,4.83376,-75.5473
66687,SANTUARIO,66,RISARALDA,5.04287,-75.97518
05001,MEDELLÍN,05,ANTIOQUIA,6.25672,-75.61511
05101,CIUDAD BOLÍVAR,05,ANTIOQUIA,5.83994,-76.01533
05107,BRICEÑO,05,ANTIOQUIA,7.11123,-75.55923
05113,BURITICÁ,05,ANTIOQUIA,6.80676,-75.91117
05120,CÁCERES,05,ANTIOQUIA,7.66446,-75.22509
05093,BETULIA,05,ANTIOQUIA,6.18485,-75.9522
05091,BETANIA,05,ANTIOQUIA,5.72585,-75.98801
05088,BELLO,05,ANTIOQUIA,6.36341,-75.5919
05086,BELMIRA,05,ANTIOQUIA,6.64966,-75.65621
05079,BARBOSA,05,ANTIOQUIA,6.4388,-75.33589
05059,ARMENIA,05,ANTIOQUIA,6.16749,-75.81337
05055,ARGELIA,05,ANTIOQUIA,5.70719,-75.10897
05051,ARBOLETES,05,ANTIOQUIA,8.6219,-76.41299
05044,ANZÁ,05,ANTIOQUIA,6.31092,-75.91536
05042,SANTA FÉ DE ANTIOQUIA,05,ANTIOQUIA,6.53304,-75.90379
05040,ANORÍ,05,ANTIOQUIA,7.19056,-75.10927
05038,ANGOSTURA,05,ANTIOQUIA,6.85724,-75.35951
05036,ANGELÓPOLIS,05,ANTIOQUIA,6.12481,-75.71498
05034,ANDES,05,ANTIOQUIA,5.62263,-75.92396
05031,AMALFI,05,ANTIOQUIA,6.97746,-74.97894
05030,AMAGÁ,05,ANTIOQUIA,6.03175,-75.71326
05021,ALEJANDRÍA,05,ANTIOQUIA,6.36124,-75.093
05004,ABRIAQUÍ,05,ANTIOQUIA,6.62498,-76.0873
05002,ABEJORRAL,05,ANTIOQUIA,5.80399,-75.43297
05895,ZARAGOZA,05,ANTIOQUIA,7.4681,-74.85374
05893,YONDÓ,05,ANTIOQUIA,6.92918,-74.1574
05890,YOLOMBÓ,05,ANTIOQUIA,6.64265,-74.91904
05887,YARUMAL,05,ANTIOQUIA,6.98237,-75.45392
05885,YALÍ,05,ANTIOQUIA,6.71782,-74.75718
05861,VENECIA,05,ANTIOQUIA,5.95406,-75.78565
05858,VEGACHÍ,05,ANTIOQUIA,6.83467,-74.75023
05856,VALPARAÍSO,05,ANTIOQUIA,5.65666,-75.62998
05854,VALDIVIA,05,ANTIOQUIA,7.25794,-75.40331
05842,URAMITA,05,ANTIOQUIA,6.9145,-76.12411
05837,TURBO,05,ANTIOQUIA,7.99273,-76.71865
05819,TOLEDO,05,ANTIOQUIA,7.02011,-75.71571
05809,TITIRIBÍ,05,ANTIOQUIA,6.06371,-75.79945
05792,TARSO,05,ANTIOQUIA,5.87804,-75.83359
05790,TARAZÁ,05,ANTIOQUIA,7.48127,-75.39955
05789,TÁMESIS,05,ANTIOQUIA,5.67765,-75.7102
05761,SOPETRÁN,05,ANTIOQUIA,6.52183,-75.74446
05756,SONSÓN,05,ANTIOQUIA,5.76201,-75.06519
05736,SEGOVIA,05,ANTIOQUIA,7.26589,-74.62373
05697,EL SANTUARIO,05,ANTIOQUIA,6.12259,-75.25136
05690,SANTO DOMINGO,05,ANTIOQUIA,6.48213,-75.14739
05686,SANTA ROSA DE OSOS,05,ANTIOQUIA,6.67972,-75.44069
05679,SANTA BÁRBARA,05,ANTIOQUIA,5.86995,-75.58414
05306,GIRALDO,05,ANTIOQUIA,6.66292,-75.95032
05282,FREDONIA,05,ANTIOQUIA,5.89167,-75.67936
05266,ENVIGADO,05,ANTIOQUIA,6.15441,-75.54611
05264,ENTRERRÍOS,05,ANTIOQUIA,6.59919,-75.55978
05250,EL BAGRE,05,ANTIOQUIA,7.69653,-74.66287
05240,EBÉJICO,05,ANTIOQUIA,6.32431,-75.78679
05237,DONMATÍAS,05,ANTIOQUIA,6.50583,-75.36929
05212,COPACABANA,05,ANTIOQUIA,6.35637,-75.49695
05209,CONCORDIA,05,ANTIOQUIA,6.05349,-75.8994
05206,CONCEPCIÓN,05,ANTIOQUIA,6.3735,-75.21663
05197,COCORNÁ,05,ANTIOQUIA,6.00601,-75.15088
05190,CISNEROS,05,ANTIOQUIA,6.55593,-75.08807
05172,CHIGORODÓ,05,ANTIOQUIA,7.63075,-76.63447
05154,CAUCASIA,05,ANTIOQUIA,7.86622,-75.0346
05150,CAROLINA,05,ANTIOQUIA,6.7601,-75.29873
05148,EL CARMEN DE VIBORAL,05,ANTIOQUIA,5.9858,-75.2685
05147,CAREPA,05,ANTIOQUIA,7.7842,-76.65259
05145,CARAMANTA,05,ANTIOQUIA,5.56268,-75.63257
05142,CARACOLÍ,05,ANTIOQUIA,6.34436,-74.74284
05138,CAÑASGORDAS,05,ANTIOQUIA,6.81448,-76.02895
05134,CAMPAMENTO,05,ANTIOQUIA,7.04111,-75.28033
05129,CALDAS,05,ANTIOQUIA,6.05565,-75.62865
05125,CAICEDO,05,ANTIOQUIA,6.423,-75.99162
05674,SAN VICENTE FERRER,05,ANTIOQUIA,6.31028,-75.33166
05670,SAN ROQUE,05,ANTIOQUIA,6.45176,-74.93656
05667,SAN RAFAEL,05,ANTIOQUIA,6.31176,-74.99489
05665,SAN PEDRO DE URABÁ,05,ANTIOQUIA,8.37781,-76.3153
05664,SAN PEDRO DE LOS MILAGROS,05,ANTIOQUIA,6.46603,-75.55994
05660,SAN LUIS,05,ANTIOQUIA,6.01364,-74.95648
05659,SAN JUAN DE URABÁ,05,ANTIOQUIA,8.70869,-76.53256
05658,SAN JOSÉ DE LA MONTAÑA,05,ANTIOQUIA,6.82065,-75.67675
05656,SAN JERÓNIMO,05,ANTIOQUIA,6.43365,-75.70616
05652,SAN FRANCISCO,05,ANTIOQUIA,5.87047,-74.96553
05649,SAN CARLOS,05,ANTIOQUIA,6.19593,-74.90288
05647,SAN ANDRÉS DE CUERQUÍA,05,ANTIOQUIA,6.92041,-75.67029
05642,SALGAR,05,ANTIOQUIA,5.96603,-75.97827
05628,SABANALARGA,05,ANTIOQUIA,6.89706,-75.79434
05615,RIONEGRO,05,ANTIOQUIA,6.15343,-75.40893
05607,RETIRO,05,ANTIOQUIA,6.05127,-75.51538
05604,REMEDIOS,05,ANTIOQUIA,6.99633,-74.56187
05591,PUERTO TRIUNFO,05,ANTIOQUIA,5.95844,-74.6811
05585,PUERTO NARE,05,ANTIOQUIA,6.13059,-74.70102
05579,PUERTO BERRÍO,05,ANTIOQUIA,6.48469,-74.5234
05576,PUEBLORRICO,05,ANTIOQUIA,5.81508,-75.86592
05543,PEQUE,05,ANTIOQUIA,7.04686,-75.89305
05541,PEÑOL,05,ANTIOQUIA,6.23574,-75.22704
05501,OLAYA,05,ANTIOQUIA,6.61021,-75.77691
05495,NECHÍ,05,ANTIOQUIA,7.98934,-74.79153
05490,NECOCLÍ,05,ANTIOQUIA,8.49588,-76.67458
05483,NARIÑO,05,ANTIOQUIA,5.58542,-75.1885
05480,MUTATÁ,05,ANTIOQUIA,7.32906,-76.46552
05467,MONTEBELLO,05,ANTIOQUIA,5.91726,-75.51902
05440,MARINILLA,05,ANTIOQUIA,6.19126,-75.30166
05425,MACEO,05,ANTIOQUIA,6.52083,-74.70862
05411,LIBORINA,05,ANTIOQUIA,6.72233,-75.78461
05400,LA UNIÓN,05,ANTIOQUIA,5.94284,-75.36263
05390,LA PINTADA,05,ANTIOQUIA,5.74083,-75.60703
05376,LA CEJA,05,ANTIOQUIA,5.98875,-75.43434
05368,JERICÓ,05,ANTIOQUIA,5.77592,-75.76798
05364,JARDÍN,05,ANTIOQUIA,5.57692,-75.81755
05360,ITAGÜÍ,05,ANTIOQUIA,6.17121,-75.61653
05353,HISPANIA,05,ANTIOQUIA,5.79747,-75.91214
05347,HELICONIA,05,ANTIOQUIA,6.21491,-75.75276
05321,GUATAPÉ,05,ANTIOQUIA,6.24804,-75.1543
05318,GUARNE,05,ANTIOQUIA,6.27345,-75.44171
05315,GUADALUPE,05,ANTIOQUIA,6.86375,-75.22656
05313,GRANADA,05,ANTIOQUIA,6.12934,-75.12671
05310,GÓMEZ PLATA,05,ANTIOQUIA,6.71157,-75.18994
05308,GIRARDOTA,05,ANTIOQUIA,6.3857,-75.44559
05234,DABEIBA,05,ANTIOQUIA,6.99002,-76.31412
05284,FRONTINO,05,ANTIOQUIA,6.69038,-76.33272
05361,ITUANGO,05,ANTIOQUIA,7.30288,-75.85241
05847,URRAO,05,ANTIOQUIA,6.33268,-76.25664
05475,MURINDÓ,05,ANTIOQUIA,6.83215,-76.70636
05873,VIGÍA DEL FUERTE,05,ANTIOQUIA,6.46288,-76.70186
05045,APARTADÓ,05,ANTIOQUIA,7.89585,-76.5579
27615,RIOSUCIO,27,CHOCÓ,7.3954,-77.24293
27001,QUIBDÓ,27,CHOCÓ,5.9368,-76.66634
27006,ACANDÍ,27,CHOCÓ,8.42408,-77.27829
27025,ALTO BAUDÓ,27,CHOCÓ,5.63456,-77.08442
27050,ATRATO,27,CHOCÓ,5.55427,-76.60884
27073,BAGADÓ,27,CHOCÓ,5.50347,-76.19688
27075,BAHÍA SOLANO,27,CHOCÓ,6.30853,-77.35117
27077,BAJO BAUDÓ,27,CHOCÓ,5.0113,-77.21722
27099,BOJAYÁ,27,CHOCÓ,6.472,-77.09911
27135,EL CANTÓN DEL SAN PABLO,27,CHOCÓ,5.35926,-76.77295
27150,CARMEN DEL DARIÉN,27,CHOCÓ,7.03643,-76.97542
27160,CÉRTEGUI,27,CHOCÓ,5.38846,-76.52265
27205,CONDOTO,27,CHOCÓ,5.07672,-76.52113
27245,EL CARMEN DE ATRATO,27,CHOCÓ,5.80887,-76.19177
27250,EL LITORAL DEL SAN JUAN,27,CHOCÓ,4.24825,-76.96573
27361,ISTMINA,27,CHOCÓ,4.73707,-76.87159
27372,JURADÓ,27,CHOCÓ,7.10648,-77.68179
27413,LLORÓ,27,CHOCÓ,5.58413,-76.38332
27425,MEDIO ATRATO,27,CHOCÓ,6.03565,-76.6694
27430,MEDIO BAUDÓ,27,CHOCÓ,5.11991,-76.98396
27450,MEDIO SAN JUAN,27,CHOCÓ,4.8182,-76.80243
27491,NÓVITA,27,CHOCÓ,4.85397,-76.61673
27495,NUQUÍ,27,CHOCÓ,5.69419,-77.29467
27580,RÍO IRÓ,27,CHOCÓ,5.17486,-76.49248
27600,RÍO QUITO,27,CHOCÓ,5.57295,-76.81152
27660,SAN JOSÉ DEL PALMAR,27,CHOCÓ,4.96044,-76.27904
27745,SIPÍ,27,CHOCÓ,4.59363,-76.53849
27787,TADÓ,27,CHOCÓ,5.26668,-76.34055
27800,UNGUÍA,27,CHOCÓ,8.11685,-77.10272
27810,UNIÓN PANAMERICANA,27,CHOCÓ,5.30041,-76.64238
52835,SAN ANDRÉS DE TUMACO,52,NARIÑO,2.27767,-78.5959
23001,MONTERÍA,23,CÓRDOBA,8.58122,-75.94663
23068,AYAPEL,23,CÓRDOBA,8.26596,-75.04767
23079,BUENAVISTA,23,CÓRDOBA,8.19051,-75.43107
23090,CANALETE,23,CÓRDOBA,8.72287,-76.23434
23162,CERETÉ,23,CÓRDOBA,8.8957,-75.83335
23168,CHIMÁ,23,CÓRDOBA,9.1059,-75.64711
23182,CHINÚ,23,CÓRDOBA,9.0227,-75.34844
23189,CIÉNAGA DE ORO,23,CÓRDOBA,8.84407,-75.60698
23300,COTORRA,23,CÓRDOBA,9.05516,-75.78063
23350,LA APARTADA,23,CÓRDOBA,8.04997,-75.28913
23417,LORICA,23,CÓRDOBA,9.1638,-75.91138
23419,LOS CÓRDOBAS,23,CÓRDOBA,8.84145,-76.2899
23464,MOMIL,23,CÓRDOBA,9.26159,-75.65256
23500,MOÑITOS,23,CÓRDOBA,9.19936,-76.12757
23555,PLANETA RICA,23,CÓRDOBA,8.28636,-75.61059
23570,PUEBLO NUEVO,23,CÓRDOBA,8.48479,-75.40214
23574,PUERTO ESCONDIDO,23,CÓRDOBA,8.98501,-76.19082
23586,PURÍSIMA DE LA CONCEPCIÓN,23,CÓRDOBA,9.28784,-75.71931
23660,SAHAGÚN,23,CÓRDOBA,8.79936,-75.43421
23670,SAN ANDRÉS DE SOTAVENTO,23,CÓRDOBA,9.12741,-75.51546
23672,SAN ANTERO,23,CÓRDOBA,9.35661,-75.78449
23675,SAN BERNARDO DEL VIENTO,23,CÓRDOBA,9.32772,-75.97257
23678,SAN CARLOS,23,CÓRDOBA,8.70768,-75.69059
23682,SAN JOSÉ DE URÉ,23,CÓRDOBA,7.76046,-75.56493
23686,SAN PELAYO,23,CÓRDOBA,8.98772,-75.90578
23815,TUCHÍN,23,CÓRDOBA,9.2358,-75.54278
23855,VALENCIA,23,CÓRDOBA,8.21694,-76.22296
23466,MONTELÍBANO,23,CÓRDOBA,7.8825,-75.76364
23580,PUERTO LIBERTADOR,23,CÓRDOBA,7.71147,-75.76956
23807,TIERRALTA,23,CÓRDOBA,7.81251,-76.16679
08001,BARRANQUILLA,08,ATLÁNTICO,10.98503,-74.83191
08078,BARANOA,08,ATLÁNTICO,10.79523,-74.92138
08137,CAMPO DE LA CRUZ,08,ATLÁNTICO,10.39658,-74.88164
08141,CANDELARIA,08,ATLÁNTICO,10.48768,-74.87737
08296,GALAPA,08,ATLÁNTICO,10.89501,-74.88953
08372,JUAN DE ACOSTA,08,ATLÁNTICO,10.82332,-75.07885
08421,LURUACO,08,ATLÁNTICO,10.63427,-75.15518
08433,MALAMBO,08,ATLÁNTICO,10.84794,-74.80952
08436,MANATÍ,08,ATLÁNTICO,10.45032,-74.98817
08520,PALMAR DE VARELA,08,ATLÁNTICO,10.69651,-74.76856
08549,PIOJÓ,08,ATLÁNTICO,10.74429,-75.14265
08558,POLONUEVO,08,ATLÁNTICO,10.77092,-74.84802
08560,PONEDERA,08,ATLÁNTICO,10.59622,-74.79946
08573,PUERTO COLOMBIA,08,ATLÁNTICO,10.99921,-74.91875
08606,REPELÓN,08,ATLÁNTICO,10.50457,-75.12558
08634,SABANAGRANDE,08,ATLÁNTICO,10.79893,-74.76736
08638,SABANALARGA,08,ATLÁNTICO,10.6226,-74.95631
08675,SANTA LUCÍA,08,ATLÁNTICO,10.34394,-74.96486
08685,SANTO TOMÁS,08,ATLÁNTICO,10.74059,-74.79189
08758,SOLEDAD,08,ATLÁNTICO,10.90479,-74.78359
08770,SUAN,08,ATLÁNTICO,10.30509,-74.90643
08832,TUBARÁ,08,ATLÁNTICO,10.90051,-74.98972
08849,USIACURÍ,08,ATLÁNTICO,10.74292,-74.9887
13001,CARTAGENA DE INDIAS,13,BOLÍVAR,10.4751,-75.45024
13006,ACHÍ,13,BOLÍVAR,8.62158,-74.47862
13030,ALTOS DEL ROSARIO,13,BOLÍVAR,8.75008,-74.19393
13042,ARENAL,13,BOLÍVAR,8.34656,-74.10723
13052,ARJONA,13,BOLÍVAR,10.16436,-75.37458
13062,ARROYOHONDO,13,BOLÍVAR,10.24987,-75.01636
13074,BARRANCO DE LOBA,13,BOLÍVAR,8.84477,-74.15432
13140,CALAMAR,13,BOLÍVAR,10.21703,-74.9998
13160,CANTAGALLO,13,BOLÍVAR,7.24215,-74.09659
13188,CICUCO,13,BOLÍVAR,9.24098,-74.68317
13212,CÓRDOBA,13,BOLÍVAR,9.53975,-74.89638
13222,CLEMENCIA,13,BOLÍVAR,10.55319,-75.31995
13244,EL CARMEN DE BOLÍVAR,13,BOLÍVAR,9.70037,-75.15978
13248,EL GUAMO,13,BOLÍVAR,10.03747,-74.93174
13268,EL PEÑÓN,13,BOLÍVAR,8.85736,-73.90935
13433,MAHATES,13,BOLÍVAR,10.17652,-75.17656
13440,MARGARITA,13,BOLÍVAR,9.06256,-74.22682
13442,MARÍA LA BAJA,13,BOLÍVAR,9.97514,-75.34408
13458,MONTECRISTO,13,BOLÍVAR,8.02404,-74.46181
13468,MOMPÓS,13,BOLÍVAR,9.14751,-74.55037
13473,MORALES,13,BOLÍVAR,8.25054,-73.96799
13490,NOROSÍ,13,BOLÍVAR,8.50481,-74.11641
13549,PINILLOS,13,BOLÍVAR,8.87601,-74.38349
13580,REGIDOR,13,BOLÍVAR,8.73079,-73.84884
13600,RÍO VIEJO,13,BOLÍVAR,8.51415,-73.97378
13620,SAN CRISTÓBAL,13,BOLÍVAR,10.37637,-75.06223
13647,SAN ESTANISLAO,13,BOLÍVAR,10.36226,-75.20893
13654,SAN JACINTO,13,BOLÍVAR,9.83276,-75.10343
13655,SAN JACINTO DEL CAUCA,13,BOLÍVAR,8.23862,-74.67272
13657,SAN JUAN NEPOMUCENO,13,BOLÍVAR,9.96953,-75.07014
13667,SAN MARTÍN DE LOBA,13,BOLÍVAR,8.79116,-74.00897
13670,SAN PABLO,13,BOLÍVAR,7.41974,-74.13867
13673,SANTA CATALINA,13,BOLÍVAR,10.64489,-75.27083
13683,SANTA ROSA,13,BOLÍVAR,10.47051,-75.36029
13688,SANTA ROSA DEL SUR,13,BOLÍVAR,7.77385,-74.2607
13744,SIMITÍ,13,BOLÍVAR,7.84879,-73.97998
13760,SOPLAVIENTO,13,BOLÍVAR,10.33672,-75.11447
13780,TALAIGUA NUEVO,13,BOLÍVAR,9.30947,-74.63601
13810,TIQUISIO,13,BOLÍVAR,8.49378,-74.29651
13836,TURBACO,13,BOLÍVAR,10.35059,-75.3782
13838,TURBANÁ,13,BOLÍVAR,10.20797,-75.4669
13873,VILLANUEVA,13,BOLÍVAR,10.44835,-75.2665
13894,ZAMBRANO,13,BOLÍVAR,9.74942,-74.87845
20032,ASTREA,20,CESAR,9.51117,-73.94654
20060,BOSCONIA,20,CESAR,9.94632,-73.86228
20175,CHIMICHAGUA,20,CESAR,9.22125,-73.75333
20178,CHIRIGUANÁ,20,CESAR,9.42622,-73.54556
20228,CURUMANÍ,20,CESAR,9.23568,-73.48784
20238,EL COPEY,20,CESAR,10.1999,-73.91201
20250,EL PASO,20,CESAR,9.68115,-73.69306
20295,GAMARRA,20,CESAR,8.35071,-73.70148
20310,GONZÁLEZ,20,CESAR,8.39932,-73.3796
20383,LA GLORIA,20,CESAR,8.61909,-73.63931
20400,LA JAGUA DE IBIRICO,20,CESAR,9.54692,-73.30528
20443,MANAURE BALCÓN DEL CESAR,20,CESAR,10.38713,-72.99948
20517,PAILITAS,20,CESAR,8.94297,-73.57199
20550,PELAYA,20,CESAR,8.76708,-73.62956
20614,RÍO DE ORO,20,CESAR,8.20343,-73.48562
20710,SAN ALBERTO,20,CESAR,7.81526,-73.43977
20750,SAN DIEGO,20,CESAR,10.1715,-73.28704
20787,TAMALAMEQUE,20,CESAR,8.90362,-73.76179
20001,VALLEDUPAR,20,CESAR,10.38156,-73.46114
20013,AGUSTÍN CODAZZI,20,CESAR,9.94721,-73.22231
20045,BECERRIL,20,CESAR,9.72544,-73.2533
20621,LA PAZ,20,CESAR,10.15786,-73.19399
20570,PUEBLO BELLO,20,CESAR,10.46758,-73.58776
20770,SAN MARTÍN,20,CESAR,7.9311,-73.54922
20011,AGUACHICA,20,CESAR,8.24797,-73.62434
44078,BARRANCAS,44,LA GUAJIRA,10.98759,-72.69092
44098,DISTRACCIÓN,44,LA GUAJIRA,10.92133,-72.9394
44110,EL MOLINO,44,LA GUAJIRA,10.63812,-72.88824
44279,FONSECA,44,LA GUAJIRA,10.82389,-72.80176
44378,HATONUEVO,44,LA GUAJIRA,11.09885,-72.73126
44420,LA JAGUA DEL PILAR,44,LA GUAJIRA,10.45354,-73.07021
44855,URUMITA,44,LA GUAJIRA,10.49507,-72.99098
44874,VILLANUEVA,44,LA GUAJIRA,10.58056,-72.9775
44001,RIOHACHA,44,LA GUAJIRA,11.24361,-72.95668
44035,ALBANIA,44,LA GUAJIRA,11.22914,-72.5297
44090,DIBULLA,44,LA GUAJIRA,11.09114,-73.43421
44650,SAN JUAN DEL CESAR,44,LA GUAJIRA,10.81635,-73.08913
44847,URIBIA,44,LA GUAJIRA,11.99495,-71.74926
44430,MAICAO,44,LA GUAJIRA,11.38397,-72.29301
44560,MANAURE,44,LA GUAJIRA,11.6067,-72.5725
47541,PEDRAZA,47,MAGDALENA,10.15395,-74.83871
47030,ALGARROBO,47,MAGDALENA,10.25163,-74.10079
47058,ARIGUANÍ,47,MAGDALENA,9.83505,-74.08633
47161,CERRO DE SAN ANTONIO,47,MAGDALENA,10.29104,-74.81819
47170,CHIVOLO,47,MAGDALENA,10.10315,-74.53103
47205,CONCORDIA,47,MAGDALENA,10.23141,-74.77802
47258,EL PIÑÓN,47,MAGDALENA,10.34866,-74.67776
47268,EL RETÉN,47,MAGDALENA,10.65257,-74.32498
47318,GUAMAL,47,MAGDALENA,9.25095,-74.13918
47460,NUEVA GRANADA,47,MAGDALENA,9.73982,-74.33206
47545,PIJIÑO DEL CARMEN,47,MAGDALENA,9.52169,-74.15448
47551,PIVIJAY,47,MAGDALENA,10.43186,-74.41123
47555,PLATO,47,MAGDALENA,9.76787,-74.60214
47570,PUEBLOVIEJO,47,MAGDALENA,10.84806,-74.35832
47605,REMOLINO,47,MAGDALENA,10.6488,-74.58439
47660,SABANAS DE SAN ÁNGEL,47,MAGDALENA,10.10284,-74.26424
47675,SALAMINA,47,MAGDALENA,10.51342,-74.72958
47692,SAN SEBASTIÁN DE BUENAVISTA,47,MAGDALENA,9.34824,-74.20706
47703,SAN ZENÓN,47,MAGDALENA,9.32574,-74.35462
47707,SANTA ANA,47,MAGDALENA,9.52328,-74.32937
47720,SANTA BÁRBARA DE PINTO,47,MAGDALENA,9.5144,-74.65316
47745,SITIONUEVO,47,MAGDALENA,10.88851,-74.62872
47798,TENERIFE,47,MAGDALENA,9.92753,-74.73436
47960,ZAPAYÁN,47,MAGDALENA,10.12068,-74.69523
47980,ZONA BANANERA,47,MAGDALENA,10.79751,-74.17936
47053,ARACATACA,47,MAGDALENA,10.64664,-73.87469
47189,CIÉNAGA,47,MAGDALENA,10.88439,-74.03707
47288,FUNDACIÓN,47,MAGDALENA,10.45563,-73.88719
47001,SANTA MARTA,47,MAGDALENA,11.12018,-73.88717
47245,EL BANCO,47,MAGDALENA,9.11503,-73.98188
70001,SINCELEJO,70,SUCRE,9.31616,-75.42887
70110,BUENAVISTA,70,SUCRE,9.3133,-74.95356
70124,CAIMITO,70,SUCRE,8.79867,-75.12969
70204,COLOSÓ,70,SUCRE,9.5216,-75.35834
70215,COROZAL,70,SUCRE,9.20931,-75.25312
70221,COVEÑAS,70,SUCRE,9.40797,-75.65483
70230,CHALÁN,70,SUCRE,9.56819,-75.32474
70233,EL ROBLE,70,SUCRE,9.06993,-75.13861
70235,GALERAS,70,SUCRE,9.14051,-74.9822
70265,GUARANDA,70,SUCRE,8.37601,-74.67967
70400,LA UNIÓN,70,SUCRE,8.80075,-75.28634
70418,LOS PALMITOS,70,SUCRE,9.42148,-75.21494
70429,MAJAGUAL,70,SUCRE,8.53936,-74.71048
70508,OVEJAS,70,SUCRE,9.54871,-75.18442
70523,PALMITO,70,SUCRE,9.34003,-75.56434
70670,SAMPUÉS,70,SUCRE,9.16193,-75.35338
70678,SAN BENITO ABAD,70,SUCRE,8.84946,-74.9646
70702,SAN JUAN DE BETULIA,70,SUCRE,9.29095,-75.21648
70708,SAN MARCOS,70,SUCRE,8.59294,-75.16572
70713,SAN ONOFRE,70,SUCRE,9.81902,-75.49961
70717,SAN PEDRO,70,SUCRE,9.39807,-75.03454
70742,SAN LUIS DE SINCÉ,70,SUCRE,9.25962,-75.09145
70771,SUCRE,70,SUCRE,8.81287,-74.74998
70820,SANTIAGO DE TOLÚ,70,SUCRE,9.53358,-75.53627
70823,SAN JOSÉ DE TOLUVIEJO,70,SUCRE,9.4932,-75.44167
70473,MORROA,70,SUCRE,9.39672,-75.3263
88001,SAN ANDRÉS,88,"ARCHIPIÉLAGO DE SAN ANDRÉS, PROVIDENCIA Y SANTA CATALINA",12.55939,-81.71609
88564,PROVIDENCIA,88,"ARCHIPIÉLAGO DE SAN ANDRÉS, PROVIDENCIA Y SANTA CATALINA",13.35896,-81.37246
81001,ARAUCA,81,ARAUCA,6.79465,-70.50492
81591,PUERTO RONDÓN,81,ARAUCA,6.41237,-70.96544
81220,CRAVO NORTE,81,ARAUCA,6.34619,-70.07027
81065,ARAUQUITA,81,ARAUCA,6.80016,-71.29759
81300,FORTUL,81,ARAUCA,6.70495,-71.8293
81736,SARAVENA,81,ARAUCA,6.90596,-71.85011
81794,TAME,81,ARAUCA,6.39019,-71.79249
15001,TUNJA,15,BOYACÁ,5.52221,-73.3778
15022,ALMEIDA,15,BOYACÁ,4.9557,-73.39399
15047,AQUITANIA,15,BOYACÁ,5.43863,-72.87258
15051,ARCABUCO,15,BOYACÁ,5.74657,-73.43726
15087,BELÉN,15,BOYACÁ,6.00983,-72.89779
15090,BERBEO,15,BOYACÁ,5.22643,-73.10477
15092,BETÉITIVA,15,BOYACÁ,5.92515,-72.8506
15097,BOAVITA,15,BOYACÁ,6.34969,-72.62317
15104,BOYACÁ,15,BOYACÁ,5.43986,-73.38677
15106,BRICEÑO,15,BOYACÁ,5.67705,-73.90272
15109,BUENAVISTA,15,BOYACÁ,5.48859,-73.95212
15114,BUSBANZÁ,15,BOYACÁ,5.85109,-72.87562
15131,CALDAS,15,BOYACÁ,5.57723,-73.88461
15135,CAMPOHERMOSO,15,BOYACÁ,5.00961,-73.14777
15162,CERINZA,15,BOYACÁ,5.96743,-72.96135
15172,CHINAVITA,15,BOYACÁ,5.1982,-73.33783
15176,CHIQUINQUIRÁ,15,BOYACÁ,5.60761,-73.79863
15183,CHITA,15,BOYACÁ,6.08836,-72.44032
15185,CHITARAQUE,15,BOYACÁ,5.98839,-73.43045
15187,CHIVATÁ,15,BOYACÁ,5.57328,-73.25962
15189,CIÉNEGA,15,BOYACÁ,5.40225,-73.27456
15204,CÓMBITA,15,BOYACÁ,5.68695,-73.32917
15212,COPER,15,BOYACÁ,5.44188,-74.02604
15215,CORRALES,15,BOYACÁ,5.82635,-72.85015
15377,LABRANZAGRANDE,15,BOYACÁ,5.53749,-72.58754
15380,LA CAPILLA,15,BOYACÁ,5.11802,-73.45976
15401,LA VICTORIA,15,BOYACÁ,5.51147,-74.23688
15403,LA UVITA,15,BOYACÁ,6.26564,-72.56281
15542,PESCA,15,BOYACÁ,5.50042,-73.07988
15550,PISBA,15,BOYACÁ,5.742,-72.44601
15572,PUERTO BOYACÁ,15,BOYACÁ,5.95073,-74.45202
15580,QUÍPAMA,15,BOYACÁ,5.55733,-74.21229
15755,SOCOTÁ,15,BOYACÁ,5.93557,-72.56051
15757,SOCHA,15,BOYACÁ,5.96606,-72.68198
15759,SOGAMOSO,15,BOYACÁ,5.66688,-72.87969
15761,SOMONDOCO,15,BOYACÁ,4.9714,-73.42715
15842,ÚMBITA,15,BOYACÁ,5.22394,-73.45494
15861,VENTAQUEMADA,15,BOYACÁ,5.39056,-73.51509
15879,VIRACACHÁ,15,BOYACÁ,5.44636,-73.26209
15897,ZETAQUIRA,15,BOYACÁ,5.28416,-73.16457
15218,COVARACHÍA,15,BOYACÁ,6.51785,-72.74207
15224,CUCAITA,15,BOYACÁ,5.53172,-73.44852
15226,CUÍTIVA,15,BOYACÁ,5.59538,-72.94153
15232,CHÍQUIZA,15,BOYACÁ,5.6376,-73.45221
15236,CHIVOR,15,BOYACÁ,4.87138,-73.36259
15238,DUITAMA,15,BOYACÁ,5.8979,-73.06804
15244,EL COCUY,15,BOYACÁ,6.34911,-72.42633
15248,EL ESPINO,15,BOYACÁ,6.50279,-72.48244
15272,FIRAVITOBA,15,BOYACÁ,5.67241,-73.01805
15276,FLORESTA,15,BOYACÁ,5.858,-72.92249
15293,GACHANTIVÁ,15,BOYACÁ,5.74733,-73.54487
15296,GÁMEZA,15,BOYACÁ,5.80195,-72.73023
15299,GARAGOA,15,BOYACÁ,5.08632,-73.32403
15317,GUACAMAYAS,15,BOYACÁ,6.44674,-72.51949
15322,GUATEQUE,15,BOYACÁ,5.01849,-73.48473
15325,GUAYATÁ,15,BOYACÁ,4.93098,-73.49058
15362,IZA,15,BOYACÁ,5.6217,-72.96986
15367,JENESANO,15,BOYACÁ,5.38339,-73.38414
15368,JERICÓ,15,BOYACÁ,6.1461,-72.58505
15407,VILLA DE LEYVA,15,BOYACÁ,5.66975,-73.52116
15425,MACANAL,15,BOYACÁ,4.98176,-73.29987
15442,MARIPÍ,15,BOYACÁ,5.57229,-74.01382
15455,MIRAFLORES,15,BOYACÁ,5.15019,-73.18703
15464,MONGUA,15,BOYACÁ,5.71081,-72.6959
15466,MONGUÍ,15,BOYACÁ,5.70384,-72.83738
15469,MONIQUIRÁ,15,BOYACÁ,5.85835,-73.555
15476,MOTAVITA,15,BOYACÁ,5.61405,-73.37978
15480,MUZO,15,BOYACÁ,5.53215,-74.10859
15491,NOBSA,15,BOYACÁ,5.77808,-72.93172
15494,NUEVO COLÓN,15,BOYACÁ,5.35534,-73.45161
15500,OICATÁ,15,BOYACÁ,5.61516,-73.27865
15507,OTANCHE,15,BOYACÁ,5.75718,-74.19731
15511,PACHAVITA,15,BOYACÁ,5.14929,-73.39758
15514,PÁEZ,15,BOYACÁ,5.09601,-73.00559
15516,PAIPA,15,BOYACÁ,5.82116,-73.12695
15518,PAJARITO,15,BOYACÁ,5.37606,-72.70191
15522,PANQUEBA,15,BOYACÁ,6.44296,-72.4639
15531,PAUNA,15,BOYACÁ,5.69088,-74.00049
15533,PAYA,15,BOYACÁ,5.62248,-72.37192
15537,PAZ DE RÍO,15,BOYACÁ,6.02879,-72.76873
15599,RAMIRIQUÍ,15,BOYACÁ,5.33596,-73.31592
15600,RÁQUIRA,15,BOYACÁ,5.49657,-73.63449
15621,RONDÓN,15,BOYACÁ,5.37378,-73.19945
15632,SABOYÁ,15,BOYACÁ,5.69699,-73.75168
15638,SÁCHICA,15,BOYACÁ,5.57654,-73.54381
15646,SAMACÁ,15,BOYACÁ,5.47651,-73.52397
15660,SAN EDUARDO,15,BOYACÁ,5.2359,-73.05573
15664,SAN JOSÉ DE PARE,15,BOYACÁ,5.99432,-73.54275
15667,SAN LUIS DE GACENO,15,BOYACÁ,4.82017,-73.11966
15673,SAN MATEO,15,BOYACÁ,6.40637,-72.55818
15676,SAN MIGUEL DE SEMA,15,BOYACÁ,5.53163,-73.74219
15681,SAN PABLO DE BORBUR,15,BOYACÁ,5.67714,-74.11235
15686,SANTANA,15,BOYACÁ,6.05764,-73.49204
15690,SANTA MARÍA,15,BOYACÁ,4.82479,-73.25011
15693,SANTA ROSA DE VITERBO,15,BOYACÁ,5.89923,-72.99213
15696,SANTA SOFÍA,15,BOYACÁ,5.73071,-73.60779
15720,SATIVANORTE,15,BOYACÁ,6.12886,-72.72808
15723,SATIVASUR,15,BOYACÁ,6.06851,-72.70489
15740,SIACHOQUE,15,BOYACÁ,5.49844,-73.21728
15753,SOATÁ,15,BOYACÁ,6.32273,-72.69167
15762,SORA,15,BOYACÁ,5.57601,-73.44526
15763,SOTAQUIRÁ,15,BOYACÁ,5.78275,-73.24439
15764,SORACÁ,15,BOYACÁ,5.48908,-73.31852
15774,SUSACÓN,15,BOYACÁ,6.21423,-72.7147
15776,SUTAMARCHÁN,15,BOYACÁ,5.63775,-73.62443
15778,SUTATENZA,15,BOYACÁ,5.02763,-73.42938
15790,TASCO,15,BOYACÁ,5.88268,-72.73411
15798,TENZA,15,BOYACÁ,5.07667,-73.42668
15804,TIBANÁ,15,BOYACÁ,5.30067,-73.39039
15806,TIBASOSA,15,BOYACÁ,5.74927,-73.00561
15808,TINJACÁ,15,BOYACÁ,5.57929,-73.67585
15810,TIPACOQUE,15,BOYACÁ,6.41981,-72.69469
15814,TOCA,15,BOYACÁ,5.57635,-73.15859
15816,TOGÜÍ,15,BOYACÁ,5.91937,-73.49143
15820,TÓPAGA,15,BOYACÁ,5.76443,-72.83988
15822,TOTA,15,BOYACÁ,5.48817,-73.00526
15832,TUNUNGUÁ,15,BOYACÁ,5.7218,-73.94398
15835,TURMEQUÉ,15,BOYACÁ,5.2998,-73.50649
15837,TUTA,15,BOYACÁ,5.66737,-73.17962
15839,TUTAZÁ,15,BOYACÁ,6.08328,-72.85596
15180,CHISCAS,15,BOYACÁ,6.68722,-72.41542
15223,CUBARÁ,15,BOYACÁ,6.88996,-72.17717
15332,GÜICÁN DE LA SIERRA,15,BOYACÁ,6.57146,-72.25401
25019,ALBÁN,25,CUNDINAMARCA,4.88381,-74.44558
25035,ANAPOIMA,25,CUNDINAMARCA,4.56538,-74.52992
25040,ANOLAIMA,25,CUNDINAMARCA,4.792,-74.46648
25053,ARBELÁEZ,25,CUNDINAMARCA,4.2309,-74.39801
25086,BELTRÁN,25,CUNDINAMARCA,4.71612,-74.75616
25095,BITUIMA,25,CUNDINAMARCA,4.85708,-74.52505
25099,BOJACÁ,25,CUNDINAMARCA,4.69287,-74.33179
25120,CABRERA,25,CUNDINAMARCA,3.91962,-74.44555
25123,CACHIPAY,25,CUNDINAMARCA,4.72801,-74.46484
25126,CAJICÁ,25,CUNDINAMARCA,4.93835,-74.02952
25148,CAPARRAPÍ,25,CUNDINAMARCA,5.38506,-74.52253
25151,CÁQUEZA,25,CUNDINAMARCA,4.39822,-73.93891
25154,CARMEN DE CARUPA,25,CUNDINAMARCA,5.3413,-73.91891
25168,CHAGUANÍ,25,CUNDINAMARCA,4.95602,-74.63399
25178,CHIPAQUE,25,CUNDINAMARCA,4.41947,-74.05494
25181,CHOACHÍ,25,CUNDINAMARCA,4.57967,-73.915
25183,CHOCONTÁ,25,CUNDINAMARCA,5.11816,-73.6757
25200,COGUA,25,CUNDINAMARCA,5.10313,-73.97061
25214,COTA,25,CUNDINAMARCA,4.78902,-74.12451
25224,CUCUNUBÁ,25,CUNDINAMARCA,5.23328,-73.77594
25245,EL COLEGIO,25,CUNDINAMARCA,4.55322,-74.42272
25258,EL PEÑÓN,25,CUNDINAMARCA,5.25636,-74.31699
25269,FACATATIVÁ,25,CUNDINAMARCA,4.83391,-74.3418
25279,FÓMEQUE,25,CUNDINAMARCA,4.5218,-73.79208
25281,FOSCA,25,CUNDINAMARCA,4.31235,-73.95695
25286,FUNZA,25,CUNDINAMARCA,4.74281,-74.19483
25288,FÚQUENE,25,CUNDINAMARCA,5.40762,-73.76967
25293,GACHALÁ,25,CUNDINAMARCA,4.65229,-73.51296
25295,GACHANCIPÁ,25,CUNDINAMARCA,5.01121,-73.87763
25297,GACHETÁ,25,CUNDINAMARCA,4.86996,-73.61702
25299,GAMA,25,CUNDINAMARCA,4.72229,-73.59733
25312,GRANADA,25,CUNDINAMARCA,4.52449,-74.33978
25317,GUACHETÁ,25,CUNDINAMARCA,5.38366,-73.694
25320,GUADUAS,25,CUNDINAMARCA,5.17412,-74.63992
25322,GUASCA,25,CUNDINAMARCA,4.79794,-73.85004
25324,GUATAQUÍ,25,CUNDINAMARCA,4.51985,-74.7745
25326,GUATAVITA,25,CUNDINAMARCA,4.91437,-73.78741
25328,GUAYABAL DE SÍQUIMA,25,CUNDINAMARCA,4.8799,-74.48717
25335,GUAYABETAL,25,CUNDINAMARCA,4.23488,-73.83538
25339,GUTIÉRREZ,25,CUNDINAMARCA,4.16353,-74.02447
25368,JERUSALÉN,25,CUNDINAMARCA,4.5704,-74.68592
25372,JUNÍN,25,CUNDINAMARCA,4.70569,-73.69285
25377,LA CALERA,25,CUNDINAMARCA,4.70398,-73.92864
25386,LA MESA,25,CUNDINAMARCA,4.65141,-74.46909
25394,LA PALMA,25,CUNDINAMARCA,5.33673,-74.40928
25398,LA PEÑA,25,CUNDINAMARCA,5.20695,-74.41165
25402,LA VEGA,25,CUNDINAMARCA,4.97966,-74.33745
25407,LENGUAZAQUE,25,CUNDINAMARCA,5.30206,-73.68072
25426,MACHETÁ,25,CUNDINAMARCA,5.03728,-73.61764
25430,MADRID,25,CUNDINAMARCA,4.78274,-74.25704
25436,MANTA,25,CUNDINAMARCA,4.9861,-73.55535
25438,MEDINA,25,CUNDINAMARCA,4.48692,-73.40629
25483,NARIÑO,25,CUNDINAMARCA,4.42039,-74.79583
25486,NEMOCÓN,25,CUNDINAMARCA,5.09109,-73.88209
25488,NILO,25,CUNDINAMARCA,4.2928,-74.61104
25489,NIMAIMA,25,CUNDINAMARCA,5.12705,-74.3969
25491,NOCAIMA,25,CUNDINAMARCA,5.05919,-74.38704
25506,VENECIA,25,CUNDINAMARCA,4.06314,-74.45692
25513,PACHO,25,CUNDINAMARCA,5.16479,-74.16614
25518,PAIME,25,CUNDINAMARCA,5.39569,-74.16617
25524,PANDI,25,CUNDINAMARCA,4.17253,-74.47044
25530,PARATEBUENO,25,CUNDINAMARCA,4.45872,-73.18725
25535,PASCA,25,CUNDINAMARCA,4.30031,-74.27979
25572,PUERTO SALGAR,25,CUNDINAMARCA,5.61953,-74.58194
25580,PULÍ,25,CUNDINAMARCA,4.69479,-74.67881
25592,QUEBRADANEGRA,25,CUNDINAMARCA,5.09812,-74.49371
25594,QUETAME,25,CUNDINAMARCA,4.33405,-73.85052
25596,QUIPILE,25,CUNDINAMARCA,4.71418,-74.55624
25599,APULO,25,CUNDINAMARCA,4.51576,-74.57457
25612,RICAURTE,25,CUNDINAMARCA,4.3101,-74.72892
25645,SAN ANTONIO DEL TEQUENDAMA,25,CUNDINAMARCA,4.60026,-74.34381
25649,SAN BERNARDO,25,CUNDINAMARCA,4.13718,-74.35769
25653,SAN CAYETANO,25,CUNDINAMARCA,5.31838,-74.07383
25658,SAN FRANCISCO,25,CUNDINAMARCA,4.96112,-74.2717
25718,SASAIMA,25,CUNDINAMARCA,4.94783,-74.41273
25736,SESQUILÉ,25,CUNDINAMARCA,5.01156,-73.78091
25743,SILVANIA,25,CUNDINAMARCA,4.44113,-74.37125
25745,SIMIJACA,25,CUNDINAMARCA,5.50965,-73.85085
25758,SOPÓ,25,CUNDINAMARCA,4.88977,-73.97103
25769,SUBACHOQUE,25,CUNDINAMARCA,4.96376,-74.15926
25772,SUESCA,25,CUNDINAMARCA,5.13906,-73.78076
25777,SUPATÁ,25,CUNDINAMARCA,5.0563,-74.23147
25779,SUSA,25,CUNDINAMARCA,5.4458,-73.81075
25781,SUTATAUSA,25,CUNDINAMARCA,5.24417,-73.85166
25785,TABIO,25,CUNDINAMARCA,4.94767,-74.08344
25793,TAUSA,25,CUNDINAMARCA,5.19351,-73.95361
25797,TENA,25,CUNDINAMARCA,4.6493,-74.3944
25799,TENJO,25,CUNDINAMARCA,4.83176,-74.14864
25805,TIBACUY,25,CUNDINAMARCA,4.32626,-74.48395
25807,TIBIRITA,25,CUNDINAMARCA,5.08576,-73.51279
25815,TOCAIMA,25,CUNDINAMARCA,4.44838,-74.64317
25817,TOCANCIPÁ,25,CUNDINAMARCA,4.97048,-73.9265
25823,TOPAIPÍ,25,CUNDINAMARCA,5.34696,-74.28661
25839,UBALÁ,25,CUNDINAMARCA,4.76049,-73.40523
25841,UBAQUE,25,CUNDINAMARCA,4.49496,-73.97073
25843,VILLA DE SAN DIEGO DE UBATÉ,25,CUNDINAMARCA,5.31533,-73.81338
25845,UNE,25,CUNDINAMARCA,4.29991,-74.07307
25851,ÚTICA,25,CUNDINAMARCA,5.18411,-74.48224
25862,VERGARA,25,CUNDINAMARCA,5.12737,-74.31166
25867,VIANÍ,25,CUNDINAMARCA,4.89521,-74.5502
25871,VILLAGÓMEZ,25,CUNDINAMARCA,5.26973,-74.18597
25873,VILLAPINZÓN,25,CUNDINAMARCA,5.2312,-73.57241
25875,VILLETA,25,CUNDINAMARCA,5.015,-74.48471
25878,VIOTÁ,25,CUNDINAMARCA,4.43148,-74.48673
25885,YACOPÍ,25,CUNDINAMARCA,5.59109,-74.3632
25898,ZIPACÓN,25,CUNDINAMARCA,4.75422,-74.39352
25899,ZIPAQUIRÁ,25,CUNDINAMARCA,5.04476,-74.02451
25001,AGUA DE DIOS,25,CUNDINAMARCA,4.37513,-74.66859
54001,SAN JOSÉ DE CÚCUTA,54,NORTE DE SANTANDER,8.11107,-72.48859
54003,ÁBREGO,54,NORTE DE SANTANDER,8.02534,-73.16053
54051,ARBOLEDAS,54,NORTE DE SANTANDER,7.61349,-72.8611
54099,BOCHALEMA,54,NORTE DE SANTANDER,7.63474,-72.65747
54109,BUCARASICA,54,NORTE DE SANTANDER,8.08889,-72.92832
54125,CÁCOTA,54,NORTE DE SANTANDER,7.27107,-72.65286
54128,CÁCHIRA,54,NORTE DE SANTANDER,7.68702,-73.12678
54172,CHINÁCOTA,54,NORTE DE SANTANDER,7.58175,-72.58144
54223,CUCUTILLA,54,NORTE DE SANTANDER,7.50269,-72.79632
54239,DURANIA,54,NORTE DE SANTANDER,7.73903,-72.67513
54261,EL ZULIA,54,NORTE DE SANTANDER,8.08637,-72.63316
54313,GRAMALOTE,54,NORTE DE SANTANDER,7.91425,-72.80348
54344,HACARÍ,54,NORTE DE SANTANDER,8.36253,-73.07997
54347,HERRÁN,54,NORTE DE SANTANDER,7.48882,-72.48919
54377,LABATECA,54,NORTE DE SANTANDER,7.26448,-72.52668
54385,LA ESPERANZA,54,NORTE DE SANTANDER,7.70052,-73.36189
54398,LA PLAYA,54,NORTE DE SANTANDER,8.26397,-73.19165
54405,LOS PATIOS,54,NORTE DE SANTANDER,7.72802,-72.52654
54418,LOURDES,54,NORTE DE SANTANDER,7.96531,-72.84563
54480,MUTISCUA,54,NORTE DE SANTANDER,7.32532,-72.76769
54498,OCAÑA,54,NORTE DE SANTANDER,8.2317,-73.34767
54518,PAMPLONA,54,NORTE DE SANTANDER,7.38435,-72.68075
54520,PAMPLONITA,54,NORTE DE SANTANDER,7.47283,-72.63591
54553,PUERTO SANTANDER,54,NORTE DE SANTANDER,8.33284,-72.4103
54599,RAGONVALIA,54,NORTE DE SANTANDER,7.59725,-72.49993
54660,SALAZAR,54,NORTE DE SANTANDER,7.77497,-72.86165
54670,SAN CALIXTO,54,NORTE DE SANTANDER,8.46244,-73.1564
54673,SAN CAYETANO,54,NORTE DE SANTANDER,7.83817,-72.61252
54680,SANTIAGO,54,NORTE DE SANTANDER,7.89226,-72.71082
54720,SARDINATA,54,NORTE DE SANTANDER,8.26474,-72.80757
54743,SILOS,54,NORTE DE SANTANDER,7.18653,-72.78738
54871,VILLA CARO,54,NORTE DE SANTANDER,7.93701,-72.98422
54874,VILLA DEL ROSARIO,54,NORTE DE SANTANDER,7.75392,-72.48333
54174,CHITAGÁ,54,NORTE DE SANTANDER,7.0505,-72.52513
54206,CONVENCIÓN,54,NORTE DE SANTANDER,8.8642,-73.20165
54245,EL CARMEN,54,NORTE DE SANTANDER,8.85991,-73.34934
54800,TEORAMA,54,NORTE DE SANTANDER,8.75649,-73.16072
54810,TIBÚ,54,NORTE DE SANTANDER,8.72616,-72.80156
54820,TOLEDO,54,NORTE DE SANTANDER,7.22496,-72.30691
54250,EL TARRA,54,NORTE DE SANTANDER,8.67905,-73.02822
11001,"BOGOTÁ, D.C.",11,"BOGOTÁ, D.C.",4.32957,-74.17648
50001,VILLAVICENCIO,50,META,4.0944,-73.50004
50006,ACACÍAS,50,META,4.00829,-73.72056
50110,BARRANCA DE UPÍA,50,META,4.53411,-73.00071
50124,CABUYARO,50,META,4.31899,-72.9558
50150,CASTILLA LA NUEVA,50,META,3.807,-73.5355
50223,CUBARRAL,50,META,3.82989,-74.07635
50226,CUMARAL,50,META,4.23295,-73.3042
50245,EL CALVARIO,50,META,4.35235,-73.70797
50251,EL CASTILLO,50,META,3.61863,-73.88611
50270,EL DORADO,50,META,3.7105,-73.83229
50287,FUENTE DE ORO,50,META,3.3851,-73.59998
50313,GRANADA,50,META,3.49759,-73.74968
50318,GUAMAL,50,META,3.94669,-73.95354
50330,MESETAS,50,META,3.14943,-74.12328
50370,URIBE,50,META,3.05148,-74.43026
50400,LEJANÍAS,50,META,3.61329,-74.09695
50450,PUERTO CONCORDIA,50,META,2.7524,-72.71837
50573,PUERTO LÓPEZ,50,META,4.01667,-72.65142
50577,PUERTO LLERAS,50,META,3.19455,-73.23675
50590,PUERTO RICO,50,META,2.76085,-73.13552
50606,RESTREPO,50,META,4.23194,-73.47312
50680,SAN CARLOS DE GUAROA,50,META,3.84985,-73.27686
50683,SAN JUAN DE ARAMA,50,META,3.29183,-73.81355
50686,SAN JUANITO,50,META,4.47147,-73.65881
50689,SAN MARTÍN,50,META,3.53763,-72.98616
50711,VISTAHERMOSA,50,META,2.81399,-73.66314
50350,LA MACARENA,50,META,2.16381,-74.09498
50325,MAPIRIPÁN,50,META,3.11869,-71.93614
50568,PUERTO GAITÁN,50,META,4.00461,-71.63409
41001,NEIVA,41,HUILA,2.99333,-75.27501
41306,GIGANTE,41,HUILA,2.37454,-75.52327
41319,GUADALUPE,41,HUILA,1.98753,-75.68823
41349,HOBO,41,HUILA,2.54255,-75.45249
41357,ÍQUIRA,41,HUILA,2.69384,-75.66969
41359,ISNOS,41,HUILA,2.0085,-76.25341
41378,LA ARGENTINA,41,HUILA,2.17758,-76.12012
41396,LA PLATA,41,HUILA,2.33135,-75.99864
41483,NÁTAGA,41,HUILA,2.57319,-75.78892
41503,OPORAPA,41,HUILA,2.06261,-76.04659
41518,PAICOL,41,HUILA,2.41276,-75.73681
41524,PALERMO,41,HUILA,2.90251,-75.43508
41530,PALESTINA,41,HUILA,1.67986,-76.15025
41548,PITAL,41,HUILA,2.26147,-75.83032
41551,PITALITO,41,HUILA,1.83454,-76.11396
41615,RIVERA,41,HUILA,2.78381,-75.23802
41660,SALADOBLANCO,41,HUILA,2.10157,-76.23197
41668,SAN AGUSTÍN,41,HUILA,1.93185,-76.41643
41676,SANTA MARÍA,41,HUILA,2.92565,-75.63625
41770,SUAZA,41,HUILA,1.87102,-75.80582
41791,TARQUI,41,HUILA,2.12826,-75.88211
41797,TESALIA,41,HUILA,2.53822,-75.68166
41799,TELLO,41,HUILA,3.03321,-75.08431
41801,TERUEL,41,HUILA,2.81809,-75.69858
41807,TIMANÁ,41,HUILA,1.95513,-75.9111
41872,VILLAVIEJA,41,HUILA,3.28621,-75.13657
41885,YAGUARÁ,41,HUILA,2.64776,-75.51884
41298,GARZÓN,41,HUILA,2.17795,-75.56668
41244,ELÍAS,41,HUILA,2.00601,-75.95488
41206,COLOMBIA,41,HUILA,3.45683,-74.67851
41132,CAMPOALEGRE,41,HUILA,2.66031,-75.33604
41078,BARAYA,41,HUILA,3.13723,-74.95489
41026,ALTAMIRA,41,HUILA,2.07952,-75.77306
41020,ALGECIRAS,41,HUILA,2.50138,-75.2888
41016,AIPE,41,HUILA,3.26689,-75.35285
41013,AGRADO,41,HUILA,2.27102,-75.71485
41006,ACEVEDO,41,HUILA,1.71224,-75.99432
68013,AGUADA,68,SANTANDER,6.18003,-73.52999
68020,ALBANIA,68,SANTANDER,5.76842,-73.83339
68051,ARATOCA,68,SANTANDER,6.72308,-73.00993
68077,BARBOSA,68,SANTANDER,5.95519,-73.62263
68079,BARICHARA,68,SANTANDER,6.64593,-73.21636
68081,BARRANCABERMEJA,68,SANTANDER,7.06065,-73.78137
68092,BETULIA,68,SANTANDER,7.01073,-73.38683
68121,CABRERA,68,SANTANDER,6.56126,-73.25014
68132,CALIFORNIA,68,SANTANDER,7.33927,-72.91275
68147,CAPITANEJO,68,SANTANDER,6.52326,-72.68264
68152,CARCASÍ,68,SANTANDER,6.65528,-72.57251
68160,CEPITÁ,68,SANTANDER,6.75326,-72.92299
68162,CERRITO,68,SANTANDER,6.90343,-72.65182
68167,CHARALÁ,68,SANTANDER,6.20413,-73.15888
68169,CHARTA,68,SANTANDER,7.26177,-72.99058
68176,CHIMA,68,SANTANDER,6.36765,-73.41054
68179,CHIPATÁ,68,SANTANDER,6.06862,-73.62997
68190,CIMITARRA,68,SANTANDER,6.41325,-74.17138
68207,CONCEPCIÓN,68,SANTANDER,6.7875,-72.60237
68209,CONFINES,68,SANTANDER,6.35659,-73.2418
68615,RIONEGRO,68,SANTANDER,7.47265,-73.36611
68655,SABANA DE TORRES,68,SANTANDER,7.41348,-73.57448
68669,SAN ANDRÉS,68,SANTANDER,6.79581,-72.81725
68673,SAN BENITO,68,SANTANDER,6.09845,-73.52688
68679,SAN GIL,68,SANTANDER,6.54526,-73.12247
68682,SAN JOAQUÍN,68,SANTANDER,6.45727,-72.85494
68684,SAN JOSÉ DE MIRANDA,68,SANTANDER,6.62841,-72.74291
68686,SAN MIGUEL,68,SANTANDER,6.56664,-72.65015
68689,SAN VICENTE DE CHUCURÍ,68,SANTANDER,6.89693,-73.53986
68705,SANTA BÁRBARA,68,SANTANDER,6.9897,-72.89799
68720,SANTA HELENA DEL OPÓN,68,SANTANDER,6.41018,-73.57596
68745,SIMACOTA,68,SANTANDER,6.65086,-73.68916
68755,SOCORRO,68,SANTANDER,6.46013,-73.24454
68770,SUAITA,68,SANTANDER,6.11369,-73.36834
68773,SUCRE,68,SANTANDER,5.97836,-73.95127
68780,SURATÁ,68,SANTANDER,7.46567,-72.97887
68820,TONA,68,SANTANDER,7.17195,-72.94369
68855,VALLE DE SAN JOSÉ,68,SANTANDER,6.43358,-73.10693
68861,VÉLEZ,68,SANTANDER,6.20867,-73.70164
68867,VETAS,68,SANTANDER,7.31617,-72.87209
68872,VILLANUEVA,68,SANTANDER,6.68386,-73.16141
68895,ZAPATOCA,68,SANTANDER,6.82645,-73.27713
68370,JORDÁN,68,SANTANDER,6.71296,-73.10288
68377,LA BELLEZA,68,SANTANDER,5.90212,-74.04938
68385,LANDÁZURI,68,SANTANDER,6.32852,-73.81771
68397,LA PAZ,68,SANTANDER,6.21786,-73.62976
68406,LEBRIJA,68,SANTANDER,7.20189,-73.29467
68418,LOS SANTOS,68,SANTANDER,6.81484,-73.11084
68425,MACARAVITA,68,SANTANDER,6.50852,-72.58893
68432,MÁLAGA,68,SANTANDER,6.71783,-72.74216
68444,MATANZA,68,SANTANDER,7.35316,-73.0507
68464,MOGOTES,68,SANTANDER,6.49303,-72.95945
68468,MOLAGAVITA,68,SANTANDER,6.64197,-72.82179
68498,OCAMONTE,68,SANTANDER,6.3585,-73.12028
68500,OIBA,68,SANTANDER,6.22907,-73.28341
68502,ONZAGA,68,SANTANDER,6.33765,-72.80803
68522,PALMAR,68,SANTANDER,6.52602,-73.29135
68524,PALMAS DEL SOCORRO,68,SANTANDER,6.38837,-73.28965
68533,PÁRAMO,68,SANTANDER,6.41545,-73.17131
68549,PINCHOTE,68,SANTANDER,6.50501,-73.18657
68572,PUENTE NACIONAL,68,SANTANDER,5.83235,-73.67931
68573,PUERTO PARRA,68,SANTANDER,6.68254,-73.96015
68575,PUERTO WILCHES,68,SANTANDER,7.57529,-73.78157
68211,CONTRATACIÓN,68,SANTANDER,6.29771,-73.49478
68217,COROMORO,68,SANTANDER,6.23641,-72.97767
68229,CURITÍ,68,SANTANDER,6.62378,-73.02325
68235,EL CARMEN DE CHUCURI,68,SANTANDER,6.66614,-73.56677
68245,EL GUACAMAYO,68,SANTANDER,6.24987,-73.5324
68255,EL PLAYÓN,68,SANTANDER,7.52867,-73.18232
68264,ENCINO,68,SANTANDER,6.07877,-73.06131
68266,ENCISO,68,SANTANDER,6.65945,-72.68065
68271,FLORIÁN,68,SANTANDER,5.79523,-73.95349
68296,GALÁN,68,SANTANDER,6.66643,-73.32601
68298,GÁMBITA,68,SANTANDER,5.93134,-73.31784
68318,GUACA,68,SANTANDER,6.94982,-72.82114
68320,GUADALUPE,68,SANTANDER,6.22577,-73.41049
68322,GUAPOTÁ,68,SANTANDER,6.3239,-73.33434
68324,GUAVATÁ,68,SANTANDER,5.94091,-73.72784
68327,GÜEPSA,68,SANTANDER,6.03358,-73.5759
68344,HATO,68,SANTANDER,6.55939,-73.36525
68368,JESÚS MARÍA,68,SANTANDER,5.84469,-73.82483
68307,GIRÓN,68,SANTANDER,7.03722,-73.25507
68276,FLORIDABLANCA,68,SANTANDER,7.07728,-73.06715
68101,BOLÍVAR,68,SANTANDER,6.09879,-74.12664
68250,EL PEÑÓN,68,SANTANDER,6.10107,-73.92444
68547,PIEDECUESTA,68,SANTANDER,6.95805,-73.00847
68001,BUCARAMANGA,68,SANTANDER,7.16172,-73.11153
73001,IBAGUÉ,73,TOLIMA,4.44911,-75.25209
73024,ALPUJARRA,73,TOLIMA,3.38943,-74.94308
73026,ALVARADO,73,TOLIMA,4.58503,-74.9898
73030,AMBALEMA,73,TOLIMA,4.81617,-74.80568
73043,ANZOÁTEGUI,73,TOLIMA,4.63377,-75.19814
73055,ARMERO,73,TOLIMA,5.00246,-74.84477
73067,ATACO,73,TOLIMA,3.4297,-75.48283
73124,CAJAMARCA,73,TOLIMA,4.40437,-75.50014
73148,CARMEN DE APICALÁ,73,TOLIMA,4.12616,-74.7436
73152,CASABIANCA,73,TOLIMA,5.0145,-75.17816
73168,CHAPARRAL,73,TOLIMA,3.74211,-75.5901
73200,COELLO,73,TOLIMA,4.35201,-74.91114
73217,COYAIMA,73,TOLIMA,3.73984,-75.1499
73226,CUNDAY,73,TOLIMA,3.9795,-74.69268
73236,DOLORES,73,TOLIMA,3.5946,-74.80652
73268,ESPINAL,73,TOLIMA,4.17218,-74.89501
73270,FALAN,73,TOLIMA,5.0805,-74.95973
73275,FLANDES,73,TOLIMA,4.2514,-74.83988
73283,FRESNO,73,TOLIMA,5.18303,-75.05439
73319,GUAMO,73,TOLIMA,4.07643,-74.97566
73347,HERVEO,73,TOLIMA,5.06143,-75.24494
73352,ICONONZO,73,TOLIMA,4.12666,-74.53995
73408,LÉRIDA,73,TOLIMA,4.86966,-74.92441
73411,LÍBANO,73,TOLIMA,4.87606,-75.04746
73443,SAN SEBASTIÁN DE MARIQUITA,73,TOLIMA,5.23247,-74.90926
73449,MELGAR,73,TOLIMA,4.1815,-74.63583
73461,MURILLO,73,TOLIMA,4.8285,-75.2213
73483,NATAGAIMA,73,TOLIMA,3.54024,-75.12265
73504,ORTEGA,73,TOLIMA,3.93621,-75.27965
73520,PALOCABILDO,73,TOLIMA,5.09882,-75.01608
73547,PIEDRAS,73,TOLIMA,4.4901,-74.91628
73555,PLANADAS,73,TOLIMA,3.09571,-75.82079
73563,PRADO,73,TOLIMA,3.72958,-74.87298
73585,PURIFICACIÓN,73,TOLIMA,3.8521,-74.87389
73616,RIOBLANCO,73,TOLIMA,3.46721,-75.85591
73622,RONCESVALLES,73,TOLIMA,4.09648,-75.59446
73624,ROVIRA,73,TOLIMA,4.21144,-75.35081
73671,SALDAÑA,73,TOLIMA,3.91397,-75.01448
73675,SAN ANTONIO,73,TOLIMA,3.94992,-75.50381
73678,SAN LUIS,73,TOLIMA,4.14308,-75.11339
73686,SANTA ISABEL,73,TOLIMA,4.73181,-75.20123
73770,SUÁREZ,73,TOLIMA,4.05294,-74.81729
73854,VALLE DE SAN JUAN,73,TOLIMA,4.17832,-75.18322
73861,VENADILLO,73,TOLIMA,4.71313,-74.91608
73870,VILLAHERMOSA,73,TOLIMA,4.96008,-75.14864
73873,VILLARRICA,73,TOLIMA,3.85885,-74.61918
13300,HATILLO DE LOBA,13,BOLÍVAR,8.98467,-74.14347
13650,SAN FERNANDO,13,BOLÍVAR,9.08437,-74.36226
13430,MAGANGUÉ,13,BOLÍVAR,9.16466,-74.74473
25307,GIRARDOT,25,CUNDINAMARCA,4.34454,-74.80496
25754,SOACHA,25,CUNDINAMARCA,4.53798,-74.23347
25175,CHÍA,25,CUNDINAMARCA,4.87085,-74.04499
25260,EL ROSAL,25,CUNDINAMARCA,4.87777,-74.24224
25473,MOSQUERA,25,CUNDINAMARCA,4.68117,-74.24133
25740,SIBATÉ,25,CUNDINAMARCA,4.45602,-74.26349
25290,FUSAGASUGÁ,25,CUNDINAMARCA,4.33151,-74.38545
25662,SAN JUAN DE RIOSECO,25,CUNDINAMARCA,4.84969,-74.6626
73349,HONDA,73,TOLIMA,5.18223,-74.7886
05631,SABANETA,05,ANTIOQUIA,6.13846,-75.60723
05380,LA ESTRELLA,05,ANTIOQUIA,6.14092,-75.6475
